{
    "extrinsics": [
        {
            "frame_id": "base_link",
            "child_frame_id": "camera",
            "txyz": [0,0,0],
            "qxyzw": [0,0,0,1]
        }
    ],
    "intrinsics": [
        {
            "frame_id": "camera",
            "width": 1920,
            "height": 1080,
            "D": [
                -0.2591,0.5555,-0.0003499,-0.0003685,-0.7953
            ],
            "K": [ 
                1375.6234, 0.0, 552.1457,
                0.0, 1383.2754, 105.5405,
                0.0, 0.0, 1.0
            ],
            "R": [
                1.0, 0.0, 0.0,
                0.0, 1.0, 0.0,
                0.0, 0.0, 1.0
            ],
            "P": [
                0.0, 0.0, 0.0, 0.0,
                0.0, 0.0, 0.0, 0.0,
                0.0, 0.0, 0.0, 0.0
            ]
        }
    ]
}
